patient_id,name,gender,race,dob
337d41e2-04e8-60c2-b3fb-b7a3545c9d17,Rory188 Simonis280,male,White,1958-02-15
9b704c9b-1679-bfd5-abcd-629c7b7b7b59,Melvin857 Greenholt190,female,Native Hawaiian or Other Pacific Islander,1979-08-30
5f42f82d-886c-6a8e-5ab8-5a7ab41d73e8,Jeniffer557 Hane680,female,White,1968-01-01
1f8835f6-33b5-d73d-735e-5347600a074e,Courtney281 Lubowitz58,male,White,1959-02-10
bf20b8a7-7ffe-5cdd-ec9f-4c0aea88c235,Khalilah870 Lemke654,female,White,1995-10-27
733fd0b8-fd69-dc99-73fb-448a4ce88436,Dona966 Hilpert278,female,White,1974-11-23
4ed6b60e-57b9-463a-9903-33c371de77c5,Marchelle563 Bergstrom287,female,White,1960-02-22
0a8d5d4b-9638-4cbc-634d-26881d86fd03,Rosalba160 Zulauf375,female,White,1968-05-07
eb573fe7-81fd-4191-0883-15d2ed9818fd,Madaline59 Hyatt152,female,White,1974-08-14
26bdb62b-e228-b943-165d-c899dd8428b8,Tyree261 Hegmann834,male,Black or African American,1962-05-24
c60acdcb-edd8-ae52-78e1-de9bb4bea006,Jettie913 Hilll811,female,Native Hawaiian or Other Pacific Islander,1968-04-21
d81e61fa-e92c-13be-fe84-a26b26c417fc,Louis204 Luettgen772,male,White,1959-10-09
df443a1d-9557-cee1-ff33-e305e1bcd7ba,Harland508 Vandervort697,male,Asian,1958-04-12
a5075c3f-3ca9-45e5-bdc4-e808313edc03,Darrel772 Klein929,male,White,1962-12-28
f44653f2-4a10-bd5a-5091-021d7c089bac,Mario764 Boyle917,male,White,1962-02-18
cc8b1fb8-2368-4461-92a9-ba28d996e990,Adrian111 MacGyver246,male,Black or African American,1964-06-09
f6d1822e-eb52-ca20-d223-cc9868deea33,Karry11 Bogisich202,female,White,1979-06-19
3ff4ae4c-8d6d-6348-9114-210f0acbfd73,Marleen824 Green467,female,White,1981-03-20
bff9c1d7-db59-72e7-cb7d-babb3bc57edf,Hong136 Weissnat378,male,White,1967-12-25
ed20d86b-a9fc-5023-5ed3-31f4338ed184,Florence828 Kilback373,female,White,1975-12-11
f77dc2b8-d8fc-6046-a143-28bcbbd1f537,Celestine956 Berge125,female,Black or African American,1959-03-04
04d65648-59f4-7fe8-fd6e-f9087b12532f,Galina98 Ruecker817,female,White,1959-01-21
40e43637-b2bc-e9f6-3a06-257abadb42da,Lonny638 Walsh511,male,Other,1983-10-09
84a3d2b3-f2ac-e043-05f8-0a22eb5ea439,Margarett339 Harber290,female,White,1958-09-22
b257e7b3-b2f8-ddab-ab9e-6c36db7630ae,Jonathan639 Collins926,male,Native Hawaiian or Other Pacific Islander,1959-07-13
7f9aa884-5447-6e89-c2de-ac9ec3406934,Jerrod232 Wilkinson796,male,Black or African American,1970-11-24
4ce7c518-832b-4ac0-f887-8167c02d4ab2,Zack583 Kreiger457,male,White,1993-03-11
0e32e536-6849-a7c1-4c86-8bfe3c27cd7c,Isabela97 Ocasio180,female,White,1976-10-24
f9a1df59-6fa8-6c32-766e-502d7e375511,Lynn917 Glover433,male,White,1963-08-25
217a5967-0a61-c6fb-7a17-90f0fcffcdf9,Todd315 Harvey63,male,White,1965-08-23
d5fe0c3a-d1e9-0c38-fc58-25c1b67c041b,Virgie92 Swift555,female,White,1958-01-16
a6e5249c-cce3-f222-807e-5a8ff250a334,Leigh689 Beer512,male,White,1990-04-07
0454347d-0e85-604b-615c-38f866ff02ee,Jenifer459 Stehr398,female,Black or African American,1963-11-02
e0c7e5a5-15d7-6979-0320-ca953a43b7a7,Lesha323 Balistreri607,female,Black or African American,1990-04-28
dd614197-a9ab-7531-4e7a-fae35b8748c6,Lashell363 Prosacco716,female,White,1968-01-26
e1605175-dd34-bbfd-f169-8f777fa90c73,Cassey386 Pfeffer420,female,White,1988-01-16
ec5e29a4-4195-3020-2cbc-3c02f7740de6,Clelia416 Huel628,female,White,1962-04-25
1c4a47b0-549c-eec8-8e97-4d7f77508b6f,Marry53 Welch179,female,White,1983-11-23
c52f27f6-846c-dc91-1cab-6420895ec2a4,Catrina144 Von197,female,White,1956-10-11
6eba4de0-fad0-93ec-5eb4-625d416c6161,Alease857 Shields502,female,White,1986-02-23
2f8c7ac1-c310-46d5-eb00-b67ef1a8f9f3,Wilburn655 Kulas532,male,White,1978-11-17
3ba8b49e-799f-9020-f13c-58d871fadb27,Shawn523 Connelly992,male,White,1982-01-12
90efe3ab-2ee0-0a67-5223-5b07e8d7c0a4,Brooks264 Ullrich385,male,Asian,1972-07-25
5a5157f8-2131-4c7c-835b-76a7abb0dcdf,Zelma45 Pfeffer420,female,White,1962-04-08
bf57443e-ee09-4a70-c758-7e91fc26d6c0,Abdul218 Gerhold939,male,American Indian or Alaska Native,1994-09-30
e3e1a668-34d2-226a-4228-60b04ebf289c,Dalene805 D'Amore443,female,White,1968-03-21
8742c756-145f-e4af-f7f4-311069503f1a,Ramon749 Wisozk929,male,White,1960-12-15
55aa76f9-946f-9bdd-d3e4-c7ccf92a7ab8,Elfreda431 Hand679,female,White,1961-09-24
453c78df-6073-8452-8580-e79bddaa43f3,Joie561 Corwin846,female,White,1980-06-17
ebfd7918-2651-98c0-4480-00065ef5d942,Terra840 Macejkovic424,female,Asian,1956-04-07
be981e24-d7c6-1848-f9c1-a194ae82bd12,Alexa171 Ziemann98,female,White,1959-04-24
4f027150-0e33-dea9-c94f-f2de597cd06c,Thelma273 Mosciski958,female,White,1969-10-13
f2119a21-94c7-ae40-5c9e-2abc8d40c09e,Kizzy275 Emard19,female,White,1968-11-13
74150bea-6f54-726a-118a-e40befbbc77c,Zack583 Gorczany269,male,Black or African American,1962-01-10
d6057566-3369-23de-84e6-0d62018e27c4,Jill895 Davis923,female,White,1985-02-05
460f6ab2-231c-e4c3-2886-381621d91855,Randal152 Collins926,male,Black or African American,1990-06-25
12d9aca6-b245-a75c-7e56-1999e751339c,Willetta882 Ondricka197,female,White,1958-09-15
4b330131-66c4-f3eb-2948-790a233ddd9d,Vanessa263 Hane680,female,White,1979-03-14
85995eec-5af0-f2b4-318f-03037ed8f9e8,Chanell45 Windler79,female,White,1976-03-16
9edc6d23-86ec-4d6d-4127-ca3028097306,Stefan297 Sawayn19,male,White,1970-09-17
da0b1669-9620-a3d4-65e8-dcb4d1ba297e,Damian46 Conn188,male,White,1968-07-19
776f6b32-f584-fcd5-a63d-f98eeb5c6006,Alonzo487 Swift555,male,White,1957-04-19
50184063-3a46-69df-792d-33998f462cc7,Mel236 Parisian75,male,White,1982-04-14
a28c6e54-fa28-812e-cd0c-0939c05a8db9,Mohammed454 Heaney114,male,White,1965-08-23
ed301aad-d4b0-f808-7087-473549a4a558,Ardelia466 Runolfsdottir785,female,White,1982-01-23
ba336686-ffff-6569-36e4-5787e87e0198,Palmer257 Schaefer657,male,White,1959-07-17
4e2bc1f4-651c-3145-b9f8-2aaa078f08f5,Alexander630 Mayer370,female,White,1956-02-21
b38f4d09-5fe5-8c7f-2c61-08dc11cd3d3f,Kaylee703 Hills818,female,White,1989-05-23
05289c0a-b4f7-43ce-0faf-7e3b8b4f11f9,Walton167 Volkman526,male,Asian,1991-10-20
8fd8569e-ba96-234c-4c10-e1219864f376,Ninfa662 Considine820,female,White,1991-12-01
c56e9508-6436-5db0-200d-f602cb9a0594,Martin117 Cassin499,male,White,1985-01-09
fbe37b6f-935e-0228-42ae-c93b839732ad,Trey250 Kovacek682,male,Black or African American,1989-11-03
2ff08c4a-d5ff-b882-5b6c-4ceb3609611f,Darrel772 Hessel84,male,White,1965-08-01
e67d55b3-31ac-e530-bfdc-d5819bd91eb1,Branden904 Gleason633,male,White,1973-03-31
af4c7e34-96a0-7fa5-dc7c-b72aa4611578,Izetta651 Mayert710,female,White,1985-04-13
5b8a6325-910d-e220-cb82-25b52851b22b,Eunice461 Krajcik437,female,White,1986-02-09
3fe934b8-39b2-b6fc-bf6a-ac6756c43b5b,Dovie983 Champlin946,female,White,1957-08-23
d9ac5ae4-63b1-134e-808e-0efc23f25db8,Krystal150 Klein929,female,White,1962-09-25
ece69fc8-3c8b-660d-1f4f-df7f06e34ecf,Janet238 Fay398,female,Native Hawaiian or Other Pacific Islander,1994-12-14
9835843f-3736-d336-bbf6-4bdd9b735a17,Winfred745 Nienow652,male,Asian,1964-11-12
41dc8cef-40d2-5e68-7e7d-201ab1be2e2d,Roland928 Wisozk929,male,White,1972-03-11
d4d2e214-c7e7-12fc-91fd-fcfb0e2dec2e,John539 Sporer811,male,Asian,1966-04-02
52d8cd5c-4d71-0c24-835c-458bf89da8b7,Aurelia213 Sipes176,female,White,1979-05-24
55df57d8-6a56-e076-98f6-c14ee4f921f1,Opal236 Altenwerth646,female,Asian,1984-03-22
86f331a8-7e1c-a704-efa0-19cf10828553,Odis959 Wiegand701,male,White,1966-04-06
3999fa05-da78-1b1f-0163-9fc9d8ddc87c,Homer307 Krajcik437,male,White,1970-08-10
d588f72f-b4ff-12e8-4c1a-b15db2a40458,Billie243 Hintz995,male,White,1990-04-06
b80f5ef1-8c08-4325-38c6-890cfa38faf7,Melania287 Funk324,female,Black or African American,1958-04-02
5f916b2f-a255-ffca-8fa6-0f1291636462,Clifford177 Moore224,male,White,1989-11-22
8f383888-a07d-60b2-b0b3-e4f688fa1250,Coy949 White193,male,White,1957-04-19
48fee8d9-05e2-9f07-9ed3-286d2eb80886,Erick204 Schmeler639,male,White,1966-10-25
35da3c67-e2ee-4e5f-2463-856c478ac5c6,Eldridge510 Watsica258,male,White,1982-04-22
c5275ca4-4db1-365c-85cd-49c6de448d93,Janae99 Douglas31,female,White,1985-11-26
5f3efb1a-6b7a-b2d1-9ce8-9a357b824360,Jarrod316 Brown30,male,Asian,1979-08-01
28ed541b-3583-6f59-bc66-7d269e80ea3d,Sean831 Stoltenberg489,male,Black or African American,1981-09-19
edc0ef4a-490c-5e57-07c8-5387ad0af178,Zackary401 Rice937,male,White,1985-02-13
cb0b9b83-b0a0-7ec3-a8a6-cae2926e521c,Mervin111 Rowe323,male,White,1981-10-15
9875669e-2199-3d38-abcc-62604f342265,Dana512 Huels583,male,White,1980-11-03
81efc741-fa49-3fa8-6803-1b2dac680c5e,Asha251 Keebler762,female,White,1974-11-23
d38f6cd3-a208-a3dc-6a80-ab8ff47db15d,Derek111 Weissnat378,male,White,1982-12-07
d968c66b-d684-fbc7-b4b8-cee36cbd0139,Chester802 Klein929,male,White,1965-02-21
00386892-5f17-6892-07e3-727fbed87833,Jenna662 Armstrong51,female,White,1958-10-16
fecc12b5-25dd-89e8-4f35-34b8bf15f62e,Salome647 Gerhold939,female,White,1983-02-17
2970f741-cd29-3a9a-9e0d-700ea626f711,Patricio639 Matos876,male,White,1989-11-23
02d03c9c-da2f-4ef2-669b-016e6c8ef599,Florencia449 Franco581,female,White,1968-12-07
d7a9259a-36ea-198e-0d91-e5fd44f08f10,Minh326 Bradtke547,male,White,1962-05-05
9681db78-5c49-ce28-4ecc-dff0936d539e,Ron353 Roob72,male,White,1958-09-27
65e8ab0a-6ad4-543d-5921-78101b491d86,Marisol435 Hackett68,female,White,1981-11-02
76e59983-26d2-edd9-eb3a-925455c8a700,Bart73 Hahn503,male,White,1987-12-14
d41c3e4c-8048-13f3-1994-a807e36fe349,Theo630 Williamson769,male,Asian,1984-02-22
8461a548-1ea6-ee11-e813-d20535ddc76e,Theresa98 Senger904,female,White,1957-01-14
94ec9c7e-886c-b9a3-e51a-a6c20f99e8f1,Vance413 Hauck852,male,White,1977-06-06
5736556c-6fd0-85ba-b6a3-32eb1c382dfd,Alberto639 Turner526,male,Native Hawaiian or Other Pacific Islander,1969-10-02
33d3bbea-06a7-1cad-5cec-2711d3d692db,Derek111 Schamberger479,male,White,1977-11-16
14832269-30af-6eac-5ef8-309804dcaed9,Thad495 Murray856,male,White,1985-06-07
4d1bf2ba-e6ba-2f17-3fa0-a4ff33c6f6b4,Berry486 Kulas532,male,White,1991-11-25
120e520f-b13a-4c70-d134-9b3f624f7514,Stevie682 Hilpert278,male,Black or African American,1970-11-24
9af28183-e16e-2b49-fd0e-8861b2aec177,Deandrea896 Gerlach374,female,White,1982-09-19
4cd97e5d-74c7-9c28-ea42-a606bb975195,Fermin479 Hartmann983,male,White,1957-02-22
9850ec95-e844-729c-d4bd-405773e35d6e,José María211 Guillen740,male,White,1965-06-23
c393e0c0-d9da-83e8-401d-845cc88d5434,Dion244 Medhurst46,female,White,1966-04-30
736cefe0-8c08-5ab0-dd8a-6d70010d6910,Felipe97 Rolfson709,male,White,1964-10-07
53f4f2e3-e00e-de1c-65bb-abe929bcd980,Golden321 Kertzmann286,female,White,1970-02-12
1924ff5a-0d18-a34d-c91b-4772f347f4b2,Alex454 Spinka232,male,White,1965-11-23
7f3f4594-0724-82be-4f2b-456bac3c7387,Jenee387 Feil794,female,White,1987-04-29
4f904b11-edc7-bf52-fa70-4a30b70d7fe9,Sang383 Towne435,female,White,1994-05-14
a543524c-6064-8b58-c435-ae2ee759998b,Antoine384 Gislason620,male,White,1968-10-31
2494d6ca-31a9-3078-3c83-5c321dfddd86,Hong136 Kiehn525,female,White,1961-02-16
0d7795a8-7898-2499-b83d-9efa9515f55e,Josiah310 Hammes673,male,Black or African American,1959-09-24
f7e86532-7f21-ec4c-3e47-fe7287fd54c0,Belkis212 Lang846,female,White,1981-04-08
b6226351-4697-7a70-9b8d-21fab0d306e6,Fermin479 Schumm995,male,Asian,1961-09-19
78bb4e58-0c50-69d7-2fd7-7edb855602a3,Charline650 Ernser583,female,American Indian or Alaska Native,1961-10-09
a51bade5-b0c9-fcc5-bdff-9cc0a1f407d7,Ernesto186 Moore224,male,White,1966-09-29
2247c4d7-e99e-b193-7fef-171db44a1d81,Ariadna374 Santiago500,female,White,1987-11-09
195f344e-32f0-45b5-7580-ec52256b8af0,Wanda961 Farrell962,female,White,1963-11-14
b9e4019f-3b77-8834-0e82-34af2c5bb5a0,Chris95 Abshire638,male,Asian,1965-01-24
b5b20afb-585a-0e01-61e3-f13693c42c7a,Lindsay928 Bailey598,male,White,1961-06-07
61066fc9-c2ec-e00a-a6fd-16d57d9ad818,Donny470 Hane680,male,White,1959-07-17
75f68ce4-cb8f-4bdc-78be-8423a365c125,Bert917 O'Keefe54,male,Black or African American,1970-11-24
77360919-c995-02de-5d8d-447f8c14391e,Tory770 White193,female,White,1959-08-27
3096f730-c6d6-c7d4-a215-21980e4d2b26,Gerardo48 Quiñónez764,male,White,1964-09-21
dd1a0f5e-0c8e-3ce1-9ce6-90040debef87,Jody426 Pfannerstill264,male,White,1984-02-27
723cb708-07ac-7ca6-98c2-1a151faabe5d,Tyree261 Pouros728,male,White,1968-11-12
8e884676-0198-2095-82b0-a10123ff3f12,Aisha756 Haag279,female,White,1982-06-25
a9ece3ca-b9de-9e80-824f-521487540a79,Malcolm243 Rolfson709,male,White,1985-03-02
972785c0-1a5a-2102-7372-cd4b57afdb8f,Linnie39 Koch169,female,White,1993-06-14
00e08883-eb01-aa7e-658c-948fca31fa83,Karly825 Shanahan202,female,White,1985-12-29
32bd3a90-ef29-36e4-acea-7e575086cb12,Pa577 Hoppe518,female,American Indian or Alaska Native,1978-11-06
dde83cc1-f94f-2483-83ab-21febb2409f3,Reed154 Beier427,male,White,1958-09-27
daf64b29-8fa9-35de-fe7d-8bd9029b97fe,Francine922 Kassulke119,female,White,1987-07-06
110c698a-ffa6-eac6-c8d4-2f5d5e5c00be,Donovan745 Muller251,male,White,1988-11-02
26b5f3e9-cf3f-cc80-69da-145b421bf622,Will178 Roob72,male,White,1990-05-20
41036d73-bbd9-9c3c-9ad0-4a6019b904df,Carey440 Littel644,male,White,1957-02-22
b86d7478-1014-0d4c-4e23-e2d943a2c34a,Norman647 O'Kon634,female,Asian,1992-06-21
7589e1cc-9d45-c133-b0b9-38201d08d91f,Felton646 Ward668,male,Asian,1986-08-03
24dbd150-fac8-ff1e-d33e-c1b75f3f8c1e,Geoffrey157 Kub800,male,Black or African American,1990-07-09
75aee051-1a6c-df6c-12ba-e14c8ad3ffb9,Orpha286 Thiel172,female,White,1957-01-17
303c58a4-afb0-555a-23f6-09543f81961b,Cicely661 Adams676,female,White,1990-05-19
e559cfec-3a9f-1fb6-3542-9ad2ca45b9d1,Edgar153 Powlowski563,male,Asian,1961-07-25
e7288b18-7c15-64e1-d98a-832c02442aa9,Maryland870 Schoen8,female,White,1961-07-02
6df7491c-e112-7511-5d04-e768c2b08d06,Terrence276 Schmitt836,male,White,1989-09-11
50a6f24d-6d6a-af9f-4fd4-9d6a4a61a6eb,Will178 Kuhn96,male,White,1977-11-27
21590c77-2e98-bd11-27fb-b9df2297a96a,Brenton674 Von197,male,White,1969-04-26
93b44d0d-e90b-d68e-aaa9-2b88330b2f69,Temika453 Homenick806,female,White,1966-03-20
1c2fa2e0-0a8b-72c7-4c74-be173b097af3,Reina25 Vanegas191,female,White,1987-03-26
7f7d8853-b4f5-3acc-aa62-12aef6e8300d,Cassaundra447 Paucek755,female,White,1960-06-27
01f2df97-de0e-ba6d-eeb0-5d7377e02a65,Rosa195 Roybal79,female,White,1957-07-16
586ae1d0-71d5-b9fc-476f-6a49929a6ec3,Jon665 Labadie908,male,White,1970-08-19
2980ed53-ecf5-48d3-d0d7-4a607c9f0832,Nohemi878 Haag279,female,Black or African American,1984-10-13
cdf88173-d2ce-90af-fb0b-c57cc19573d5,Jinny850 Turner526,female,White,1981-03-20
b480a97e-c9cd-13a2-09d6-051fe50fec26,Dominic463 Marquardt819,male,White,1959-02-10
82d21e8d-56d7-51fd-ebee-77c807b5038d,Carmen818 Wehner319,male,White,1985-06-05
5031d817-78b0-e478-d4d3-614038d793e6,Sherlene302 Konopelski743,female,White,1986-11-08
752164c3-f803-682d-2cae-76d3170e3068,Kylee806 Sanford861,female,Asian,1960-09-28
d8eb6f84-57cb-89a6-a7aa-b0de7efb8953,Gudrun69 Gerhold939,female,White,1965-05-08
5262a961-a6a7-0254-61b4-28268fba5ccf,Lola232 Ortega866,female,White,1979-09-18
61317b02-33ae-639f-539c-250053870ba7,Imelda608 Ondricka197,female,White,1963-12-01
e76433ba-d080-4f45-e323-0b2e1a283c94,Aubrey96 Ruecker817,male,White,1975-04-10
e777b2e1-e16f-671f-0a7f-7f73848dc10d,Brock407 White193,male,White,1973-01-22
3f807740-dc95-76ce-59ec-be2a695f2b30,Tanisha724 Stark857,female,White,1986-09-30
681d0b73-831f-ec85-08c8-48fc37091b5c,Bonnie873 Schiller186,female,White,1967-01-23
190c3425-40ff-8e44-bd19-a1a0895c71f9,Brendan864 Veum823,male,White,1973-07-17
d695b531-c05f-afd6-0fef-29f0e2dba432,Lila466 Kuvalis369,female,White,1967-01-23
da107c8f-6415-88cc-0507-286ad69c560d,Sabina296 Ferry570,female,Black or African American,1961-12-08
7483746c-cc26-db90-4f1b-595d4c37e073,Antonietta855 Rohan584,female,Other,1956-11-02
ef91dc4e-721c-9e85-bbdb-77357108a990,Magdalena964 Altenwerth646,female,White,1964-06-20
e26d329c-5d98-effd-5647-1f13f674469b,Marin763 Beier427,female,White,1994-12-13
23030b2c-1b64-f8bd-1376-0603f158ac8f,Stanford577 Sauer652,male,White,1972-12-29
88c6c7d1-f751-24a3-09bd-49837c704e29,Teddy976 Homenick806,male,White,1980-07-07
cc241ccd-aef1-92b9-49cd-08565febb3ef,Aura483 Witting912,female,Native Hawaiian or Other Pacific Islander,1984-02-22
d51e8b48-48a9-b333-bc47-8f2c47a61960,Chuck784 Graham902,male,White,1986-05-28
4f13408e-1638-a014-6d62-47321a1b78b7,Ulrike696 Kozey370,female,White,1971-07-12
f55b2345-15b5-c1fa-7a84-825ab30436a5,Alexia646 Robel940,female,White,1977-08-04
8c309e80-3438-d7bf-9d7c-be524382e1af,Teofila990 Moore224,female,Black or African American,1977-09-03
9c3234c3-4230-668a-388e-3f88c0013ca0,Graham902 McClure239,male,White,1973-04-02
f0d2009c-9c8c-64e2-73fd-1b3055f6a26a,Art115 Renner328,male,White,1978-05-01
1b25eaba-cfd3-6ca9-7851-69249dd4e920,Vertie683 Mertz280,female,White,1958-07-27
fc0d39eb-f77a-f591-8eaf-ef5c81076572,Nigel915 Cronin387,male,White,1971-03-06
f17120f0-3867-106f-6590-d76c962e6b92,Alberto639 Ritchie586,male,White,1980-01-27
f16a689b-f31e-6772-d1af-313e500c773c,Jose871 Glover433,male,White,1961-03-29
aa48fa7c-f643-156a-e453-269ca830e2b5,Palma671 Parker433,female,White,1978-11-08
95b60327-6890-4ca2-2a8f-8b1f495bb13d,Cyndy549 O'Kon634,female,Asian,1976-08-01
9e0bfe27-917f-e868-a7f0-fc640244d3c1,Roselyn270 D'Amore443,female,White,1981-02-28
6e9e93f1-a328-b775-5be7-67756e082598,Bart73 Brown30,male,Asian,1961-09-19
3b319fff-0537-f161-b35d-a8f3c0eb8c5d,Ambrose149 Carroll471,male,White,1959-11-27
c7f1a8d0-437b-c543-a069-dd917af0de25,Lino542 Howe413,male,Asian,1964-12-01
d5c3d23b-b718-f096-ba50-abc570074ed1,Prince887 Walter473,male,White,1992-04-23
0fd126af-b419-87e5-6432-29bb14502828,Dylan44 Batz141,male,White,1982-04-13
66890cf0-d2d0-d5c5-ce55-11ab185ddaf6,Karissa612 Reynolds644,female,White,1985-03-03
b5c084f3-2f03-7c05-66d6-78a01c369afd,César846 Hernádez343,male,White,1970-12-20
38923ffb-0ff6-5973-ddab-9a9fb020fb11,William805 Thiel172,female,White,1962-09-26
1b0690e0-d0cf-ab29-de32-c088a3899cbc,Florencia449 Perea353,female,White,1960-03-31
23aff646-da45-1c83-9052-43522ba51bbc,Reggie481 Macejkovic424,male,Asian,1995-04-21
d4fe6cd4-b751-51a1-7118-ffb908055acd,Asa127 Fadel536,male,White,1985-11-20
e427b126-eeba-3c10-a31e-fdf5b3ed9fa5,Sherwood961 Orn563,male,White,1972-09-19
4c0a49d4-8f32-c40d-3635-8b677e7defdb,Adela471 Klocko335,female,White,1962-11-09
2c451067-e942-71d6-583a-2a915c909569,Lamonica504 Quigley282,female,White,1981-09-21
f1ad627b-20ec-25a0-9f9d-d2609f6a83b1,Waylon572 Ankunding277,male,White,1970-09-17
3a4d44b2-d08b-ba4c-8f5f-9ad53a93cd72,Marisol435 Valdez992,female,Black or African American,1978-06-24
9aad67d4-413c-890e-04dc-288c3bfe3d0a,Minh326 Kshlerin58,female,White,1969-10-02
c4dab507-a0fe-875f-ba6d-f706513ad77d,Jamar151 Kris249,male,White,1981-06-21
f585d4f0-f327-c304-e408-4038fb88778d,Yajaira121 Corwin846,female,White,1974-09-21
2a5a58d9-c046-b0a8-b7e0-9be88025fcfd,Francoise850 Rau926,female,White,1980-02-06
fe560125-ed5b-c82c-12f4-7c246eec0c7e,Alverta45 Ruecker817,female,White,1958-08-25
5776df50-c232-5bbb-fa6a-264b8f5a0e12,Pierre431 Macejkovic424,male,White,1967-12-25
20147e37-ac96-5971-f1de-5d0d35682847,José María211 Irizarry542,male,White,1987-01-20
d2fd0fa1-6029-01b8-a0ad-04a3786748f9,Juana825 Colunga237,female,White,1957-07-16
4b766356-0c48-400e-fc65-4c7adc3fe486,Brendon298 Maggio310,male,White,1981-12-17
a290085c-d2d3-9cbc-d2ba-a59050f35386,Danille883 Herzog843,female,White,1991-03-18
db052ed1-d020-dae7-3569-0252df233b23,Gilma310 Considine820,female,White,1975-09-05
69a96b90-17a4-851f-e81c-665fdb6bd0d7,Oda116 Walsh511,female,Black or African American,1992-02-28
eae0972e-9554-95d8-067d-2e00a45d5d2b,Garret233 Bogan287,male,White,1964-10-11
63514d0a-99d7-88f1-a5cf-6e0f525eaea5,Earle679 Dicki44,male,White,1994-05-06
8ebc298d-12a5-5048-9bec-49bdacf36e2b,Rosario163 Vandervort697,female,White,1979-03-19
0d8b17c8-f229-28a6-9fc8-c1d43d50418e,Jarod376 McGlynn426,male,White,1969-07-07
ce5f611e-9c3c-0340-f261-8a54a69d44aa,Allison818 Olson653,female,Native Hawaiian or Other Pacific Islander,1968-04-21
ff636cab-e71f-c6cf-6515-ed997eb4e6c3,Barabara924 Macejkovic424,female,White,1956-05-12
bb0708fc-dacc-89ba-5ceb-a16d012d7f38,Palma671 Reinger292,female,White,1982-10-18
9cf37e2c-01a6-5660-4c13-57ecaed7c8f6,Denyse846 Strosin214,female,White,1956-01-09
f80bdad7-0774-e3eb-1ee5-da7a16da5f48,Gabriel934 Ulibarri312,male,White,1970-12-20
e61483e7-5281-b761-0ebe-3d687f5c1a1e,John539 Jacobi462,male,White,1990-06-15
15849bf5-4024-4477-8cce-f6267fb470e5,Tommie457 Schiller186,male,White,1972-10-25
50b50ece-e134-e225-e57c-23a38c982fb3,Jackson413 Hermiston71,male,White,1957-05-15
343df830-e0dc-e9e1-10a7-a07a76d806eb,Hobert364 Haag279,male,White,1972-11-21
87521c1b-7b4c-c936-69e4-9f0a74354d39,Dwayne786 Steuber698,male,Black or African American,1967-10-23
09cafe15-1cea-6d02-4641-0161316a1762,Cleopatra935 Nienow652,female,White,1965-07-11
f0c6e5c5-33f7-6d41-2e08-31eea8bec0be,Giuseppe872 Bailey598,male,White,1991-11-13
3f486253-f8fb-3b85-ce8e-34c55ec4cfd3,Janella261 Altenwerth646,female,American Indian or Alaska Native,1978-03-28
8bc1e20b-4464-e48e-69d9-fd93ad48f6ac,Clara183 Alvarado520,female,White,1991-06-03
5d3f502b-b4ff-45bb-3b56-12933f66ebea,Elliot577 Bashirian201,male,White,1973-07-12
3f2424e3-cd8c-ab27-b02d-f4dd6f379f41,Moises22 Kihn564,male,White,1976-11-03
dd5336de-421d-816f-06c7-d382963466a0,Gerry91 Block661,female,White,1968-04-13
c7e48caf-c269-32eb-40cd-aa377cc4ebe0,Julietta740 Schulist381,female,White,1973-02-11
a31e4569-303b-5bec-e444-cee07c3d36d4,Gregorio366 Arellano2,male,White,1961-07-08
281b15b5-9a59-5f37-5134-507272ccea34,Lane844 Kilback373,male,White,1986-04-16
60192152-5e49-f73a-3634-6fbd63e529a6,Claudia969 Abrego412,female,Black or African American,1978-04-05
a245c813-6566-df67-97cf-7bdd7d4abb75,Melodi744 D'Amore443,female,White,1980-03-30
3f490233-4b10-7876-d17e-22c0920076af,Chastity705 Baumbach677,female,White,1962-04-08
af4f2e9d-b06b-9070-7c47-71baddbd8688,Ingrid581 West559,female,Asian,1985-09-30
d7065735-0693-76b2-af3a-7ffa93df5ef3,Adalberto916 Gerlach374,male,Black or African American,1979-08-08
2a551e75-9b37-ccdc-8c1d-1bc27805696e,Lindsay928 Carroll471,female,White,1969-06-28
f738cc54-aa57-21c0-2ba1-735bb400837e,Cameron381 Upton904,female,White,1967-07-15
49c6c1c6-9b08-eb55-c2ac-38883f625c2c,Adalberto916 Rempel203,male,White,1988-02-26
5bc2e149-621a-d6a0-f415-c58f72249351,Daphine453 Wolf938,female,White,1962-07-16
9b5406e9-6857-5ffe-6226-f8f1154387d6,Karl184 Stehr398,male,Other,1956-12-31
5ddcdbb5-0db7-aff3-dbd1-fc83eea7ee1e,Jenine75 MacGyver246,female,White,1991-05-20
3de80f36-ac98-5ae3-4a1e-af9d7e8bb055,Daron260 Bins636,male,White,1960-12-03
eb755e11-5689-7949-f0c1-ed14f438935f,Santos184 Kutch271,female,White,1962-08-07
d0cdfd78-ba4f-d3b4-3935-fc1a398ce28e,Elaina826 Moore224,female,Asian,1984-08-13
b2f583bc-f3f6-a4b9-5d23-040990030722,Jason347 Bahringer146,male,White,1993-09-15
f959d129-b8b7-4631-031b-13b54640abeb,Kendall673 Carter549,male,Black or African American,1974-06-18
1c408a71-ee6f-a4ea-ff2a-e78919ffe7f6,Charise827 Mayert710,female,White,1960-03-08
a2257e5b-acfa-3093-caa6-94fcb53a2f8e,Marty115 Ortiz186,female,White,1976-07-21
cf44715c-8158-da70-baa7-670bec780b11,Damon455 Abbott774,male,White,1991-06-25
913490bc-0923-11e7-11d2-3bfe1415e553,Lucius907 Keeling57,male,White,1960-04-25
b78b1d12-50f7-75b2-c489-07da7b60ad60,Linwood526 Mayert710,male,White,1984-03-30
74bdca7a-9803-bb35-41d4-7ced1e40fc58,Tod265 Johnston597,male,White,1959-10-09
f405c5b1-fb58-2021-810b-ff033d9b9210,Clifford177 Hickle134,male,White,1972-08-10
a2f56701-e5fe-e5f8-9468-04d20ca61dc3,Jefferson174 Altenwerth646,male,White,1993-04-26
f8d71728-b5bd-1d86-ed65-429830453d2c,Cecila397 McLaughlin530,female,Asian,1987-12-21
67c48a3c-3b38-7b78-beb6-0376b41bc4bd,Napoleon578 Welch179,male,White,1974-09-28
a8fa8222-3207-5d05-5a5c-b8d6ef23e1aa,Jerónimo599 Mares644,male,Black or African American,1970-12-14
7a4ec243-794b-ee26-35b3-2c60f7359597,Otis335 Eichmann909,male,White,1970-08-16
4bfedfdf-3e66-3b57-30e8-53392ce2b3e4,Dave764 Berge125,male,White,1966-10-20
d0493979-5186-8b8f-fa55-653c24b11f1a,Débora815 Gracia333,female,White,1987-03-30
21cb53d3-01cc-013a-c9ea-993d469ccd2a,Esteban536 Homenick806,male,White,1966-06-22
f180cd7c-fc94-f674-c8eb-e42afdd60c58,Mercedes82 Wilderman619,female,White,1979-02-28
4b700537-09d5-1858-aad5-3c86b93e4708,Nova124 Schuster709,female,White,1995-09-15
0c9098f5-255e-e2e5-90eb-0d2d542b667a,Cristin88 Mraz590,female,White,1973-01-13
6fe43f44-a7df-38af-4b3e-017e90a3c033,Ian270 O'Kon634,male,Black or African American,1980-01-19
741af9b6-242b-8073-ab6d-95012889c8ff,Cristian531 Vela532,male,White,1983-02-26
127572f3-05c9-6cf8-c230-967845b4c694,Charita800 Stamm704,female,White,1973-01-13
64917148-621b-0198-7453-88f7fedfd484,Rosario163 Grimes165,female,White,1989-03-18
d69d1a60-7c8a-e8ce-5ae5-4140e7305c45,Phebe144 Rath779,female,White,1974-08-23
b8bc8ef4-6215-57d4-9121-03519e4d5861,Charley358 Douglas31,male,Black or African American,1980-01-19
db8d6c9b-b007-c26e-5f6e-d2c5478fa72c,Marta91 Schmidt332,female,White,1958-01-13
4931b937-a273-7b08-8f57-3c73fa11dc7b,Virgilio529 Bartell116,male,Asian,1967-02-23
d887913f-bbe0-f000-decd-04a5060df351,Belkis212 Breitenberg711,female,White,1966-05-15
0cfa02c3-e8c6-868a-32a1-2f59054118f8,Charlie254 Harber290,male,White,1988-04-09
3733942a-1f62-b025-7459-7333606ebc7f,Bradley693 Hackett68,male,White,1966-06-20
816b8dc1-b5be-58c4-a7e5-b1df03ae2d13,Boris111 Schuster709,male,White,1995-01-15
48387161-2117-a002-5883-ba23e26b1725,Jacques50 Satterfield305,male,White,1982-09-25
3d6de123-9e05-aaf8-c478-b9aac16abb11,Ashlyn643 Nicolas769,female,White,1965-04-13
81f74ef3-af56-959c-8f4b-93ffe36bb3f3,Zachery872 Abernathy524,male,White,1971-07-31
439906f3-b3eb-04d3-914e-36c2bed62e75,Leota851 Dickinson688,female,White,1980-08-07
3c166bb8-e551-28df-b795-5384154c4a5e,Edwin773 Swaniawski813,male,White,1983-06-16
10eec461-4c96-5ea6-f933-5d1261759516,Ricarda574 Ondricka197,female,Black or African American,1984-07-19
c3c976a6-3ea3-e9dd-a245-540e4489b593,Hugo693 Mota271,male,White,1989-08-07
bfc351d6-9039-38c8-edfc-521e272ca42b,Dee580 Heller342,male,White,1964-09-15
410511f3-b93a-8486-6bb8-68195d4ed637,Marquis364 Klocko335,male,White,1964-12-19
e27a7071-0e60-4fdc-9aa0-f6c07a2ddd04,Gema698 Koss676,female,White,1981-03-11
afd72687-7bf4-fc92-5775-62dd6e3d9700,Princess223 Herzog843,female,White,1958-12-24
e6ca2f71-7a6e-a25a-9309-99017f34cae6,Raúl937 González124,male,White,1982-03-25
4cd04cab-21f4-33cf-551e-48bcfc37dd1e,Vito638 Kuhic920,male,White,1988-01-31
5ada9e9e-fc31-9926-f560-b4611afb07bf,Saul605 Schumm995,male,White,1972-08-10
6b05c732-fd89-8998-d7b2-355eed3d0ef4,Zada604 McClure239,female,White,1961-07-02
c58716d6-5d6a-f4cf-239a-efa9ecc402b0,Thaddeus38 Luettgen772,male,Black or African American,1987-11-15
1547467f-e225-12fd-79f4-a6c7d71077ad,Vernon254 Watsica258,male,White,1978-11-23
fa32ee83-e7ba-b0c3-6120-c9ca7f3fbc7a,Berry486 Paucek755,female,White,1958-01-16
e200ded9-e3b9-3da0-6a94-ddc775aaaafa,Franchesca574 Hintz995,female,White,1985-09-21
f01db0d4-70fc-593f-b4ba-f10fec6cd290,Deon400 Padberg411,male,White,1980-05-05
38d5a033-decd-744d-0932-c9270694c7ee,Carmine137 Bruen238,male,White,1992-02-17
4e64f7f3-ca01-8854-8d92-eff469e24de6,Tressie547 Schroeder447,female,Asian,1969-08-01
96d3e238-4823-e7d0-9ccb-b8036c9417a8,Rosana394 Nolan344,female,Black or African American,1965-10-12
ff609732-2f5d-6ccb-99e7-056c6e90042d,Mikel238 Funk324,male,White,1958-01-23
a7ec7f6c-aeae-8260-062c-c76afd682fcb,Luz785 Menchaca276,female,White,1982-06-10
58e716dd-b7ab-d6a0-35a8-4dd3e7bf1793,Ben667 Paucek755,male,Black or African American,1975-05-14
8d722347-f865-5c3b-b9d4-f607644d1228,Enrique929 Olivas524,male,White,1956-05-17
5a199eae-2945-36ac-a2f5-1b849015b6ea,Kaylee703 Ruecker817,female,White,1959-11-13
f8567a53-51e2-321d-8dc5-edb8f51e6635,Jeremiah751 Considine820,male,White,1969-01-23
078d0650-4411-bca1-fc44-2694fc682431,Venice604 Lesch175,female,Black or African American,1960-09-16
44a4a7b3-99cf-957b-5dcb-1ecbc52f4055,Orpha286 Mills423,female,White,1984-10-01
054c6067-b61f-694b-7064-836b9ec89e78,Jewell855 Brown30,male,White,1983-08-13
25604faa-ff0e-39d6-866b-a7821ccab1e5,Arline53 Hahn503,female,White,1978-10-15
5f2056c7-0c3b-e7c7-987c-4b4f3ee4dcf8,Donny470 Anderson154,male,Black or African American,1989-07-29
cf8a7bc1-9355-f1c1-afc1-a2c4af7b090d,Vivian245 Heaney114,female,White,1985-09-28
6e1be234-fa8a-b75a-f89e-e98a463bc831,Johnna810 Senger904,female,White,1973-04-18
0f9d78ee-8e58-90ef-6040-7be3281e4e1b,Jenell974 Cummerata161,female,Black or African American,1994-02-26
264bbb41-a6a2-ba04-2dff-b77fed0bfd0c,Andrew29 Schuppe920,male,White,1959-07-29
fd8cd5df-8513-023f-d19e-1ccb26747b0d,Teresa94 Salcedo309,female,White,1978-06-19
d930bb53-f0f0-3fed-f7ad-4a44611ef863,Madie300 Altenwerth646,female,White,1987-08-04
c2d507a6-6b47-7870-3c0d-70017d5eae40,Jami235 Gislason620,female,White,1982-09-27
c96fb920-9fa7-2eb4-7765-67e092fc2da6,Valencia279 Kub800,female,White,1988-08-07
3e119415-243e-f73d-70c3-c289bab90016,Hilton264 Strosin214,male,White,1970-07-14
96275799-8e5b-fbd4-b469-32976a42445a,Edie35 Weimann465,female,White,1958-07-27
652deba5-9616-e8b2-a60a-85238416995d,Joe656 Bins636,male,White,1968-11-20
0c19efe4-c853-b7ad-448a-0f50e85da7a7,Carolina179 Hand679,female,White,1989-12-01
7a2e6067-5ff1-b025-7d4f-93d9455b9487,Stefani254 Haag279,female,White,1957-10-06
4a559bc5-2c6e-0f5c-a5c7-f4a942d2a911,Leonarda398 Rogahn59,female,White,1983-05-27
cf709445-4c46-4832-04b7-4ad1ddcef63d,Brady998 Walsh511,male,White,1994-10-27
05063b66-ce48-2a25-e762-36d1c6f8d57a,Blaine377 Pfeffer420,male,White,1962-07-13
9a1b6665-3cd2-c396-414a-3870895889f1,Melisa53 Haley279,female,White,1984-07-02
f6ca00db-0d2a-d85c-a67f-bfb5b4c2a397,Dawna21 Frami345,female,White,1973-09-29
cd4df948-eca0-f1e9-da3a-dacb38001b7c,Gayle448 Bartoletti50,female,White,1983-04-26
f2a44ef6-62fd-8d7a-4e6a-567724d60dd5,Caitlyn56 Conn188,female,White,1964-04-04
980dd293-4404-d5ea-319a-6d901a7e5954,Leontine92 Kutch271,female,White,1974-10-28
0a5bb843-33a9-f721-3471-4483d5026e4c,Cruz300 Stanton715,female,White,1959-02-21
d9d2b4c3-15f6-3b51-d484-8a04cff42c23,Zetta950 Goodwin327,female,White,1967-01-10
4eed0a10-4c26-1cb6-3895-843b09453b4a,Chase54 Fisher429,male,White,1985-01-21
d3cbca00-5f1e-4e50-ad0f-49043ce25e27,Stacey209 Bayer639,female,White,1982-11-21
7cec6c2c-fc86-e261-0a81-ea29b9475002,Jaime666 Robel940,female,White,1985-12-18
468cc2b2-d803-1080-3e02-4520460022b7,Marge692 Tromp100,female,White,1957-12-22
7033914d-810e-4730-b4b3-f9861a26739d,Ana972 Valdivia496,female,White,1957-07-16
bff169cd-3b3f-96af-4ec4-5d986f0e9d60,Luana867 Kiehn525,female,White,1971-10-31
ae63a498-4507-ecfd-1970-42eb2bc92a03,Miguel Ángel46 Venegas795,male,White,1986-09-30
a14a4adb-e237-06cf-84b4-da1ea88dcc02,Dorthy94 Conroy74,female,White,1993-05-04
49bb868c-75cd-4f54-0936-c90117ecc3be,Kacie297 Powlowski563,female,White,1968-02-16
846e2657-1325-b216-7eb4-a31cd6da658b,Glenn0 Dach178,male,White,1969-09-14
6c89a015-cd0e-23ac-90c1-cc509ced7e60,Elnora999 Schmeler639,female,Black or African American,1980-09-30
3faaa0b7-fdb5-2807-3bb1-9ae28a2b4b3f,Wilton999 Towne435,male,White,1960-02-15
ab36d359-0a02-44c7-83ce-1ce376087711,Janae99 Barrows492,female,White,1990-04-04
5f3430cb-27a4-f220-8977-3db1a76ad4a4,Grace552 Christiansen251,female,White,1967-06-14
ace28fd1-10eb-1e10-52c3-bf6a934c69ce,Ashley34 Spencer878,male,White,1968-03-15
efa10234-c030-215e-dde2-08884466d739,Edyth30 West559,female,Asian,1989-09-05
ea90a9c9-bfb7-f717-7dbe-6883c259bbcf,Lewis216 Borer986,female,White,1972-08-06
57ff2667-df8b-6d76-b255-5e2095e7cbfe,Landon622 Lockman863,male,Black or African American,1994-11-13
83b8af20-8d43-6cb7-4631-3c34315ac8ba,Bill567 Beatty507,male,White,1972-01-28
0e6f5cc5-a29c-d689-bf52-4120007dbde6,Enrique929 Homenick806,male,White,1957-02-21
48e550f3-cc11-c49c-8c83-3b4f168b433b,Terrence276 Beer512,male,White,1984-09-04
abbfc2a5-7ab1-f63e-e95e-8682b86503b9,Robert854 Gutmann970,female,White,1959-03-04
497039a0-4016-3deb-60e6-ed1319a24c1d,Francisca486 Jasso472,female,White,1982-01-09
41cb7861-78dc-1bf3-1006-4bf4a1ca5460,Adah626 Botsford977,female,White,1975-06-05
9ef91323-8bae-4198-536a-31b3081d5717,Timothy142 Kunze215,male,White,1985-11-05
e463424c-2f2b-f13c-3a04-2566ac57dc0a,Marco Antonio298 Montañez267,male,Black or African American,1977-01-27
dbcc1300-d315-ebc7-3152-cab8d62145cd,Rene434 Aufderhar910,male,White,1983-08-13
93132c7e-854c-1442-a7ec-df35b7be7dc1,Trey250 Ziemann98,male,White,1959-01-18
a4414740-dc94-c123-cb2e-0d8cc0a7e238,Twanna669 Mayert710,female,White,1987-04-05
52275fcf-9de1-358b-4b70-a060a3fb65be,Tonie631 Crist667,female,Asian,1966-08-25
a3ceb4eb-0f59-dac7-6715-cb9cc8a68f95,Damien170 Kulas532,male,White,1970-08-10
4f85551f-1973-de59-304b-1e9c388edf85,Magnolia736 Mitchell808,female,White,1956-01-22
54df42da-da77-8a70-af6b-669b7c3685f5,Grover559 Trantow673,male,White,1963-09-28
00ea4c4e-c725-e8e0-62bd-8d4df58304f6,Horace32 Ziemann98,male,White,1982-04-22
77a5814c-a5f3-7b1e-a38d-1af11faa96ab,Thomasine260 Bogan287,female,White,1991-08-15
63f0b296-065a-e7e1-747e-446bab05ebc1,Jesus702 Wiegand701,male,White,1983-11-04
636ac38d-943c-7541-fc36-a3babfafa117,Adolfo777 Leffler128,male,White,1958-09-27
aa828732-64ea-9216-1fa3-3c985c019af5,Alex454 Kreiger457,male,White,1967-07-21
5b612a7b-2ea8-360e-4328-93c3078f1c1e,Lonny638 Lindgren255,male,White,1993-09-15
b38eb1ed-dab7-d50f-efbe-755ea442898d,Raphael767 Aufderhar910,male,White,1963-07-11
4fb3292e-642b-e042-b7bc-aa24f3fd1cf2,Ignacio928 Donnelly343,male,White,1965-12-21
e7e7df4a-60a4-b5a7-4234-99cc383c5bff,Lorena247 Carbajal274,female,Black or African American,1980-04-09
a5404f4b-a91d-250e-3a92-c42e6a95263a,Tracy345 Rath779,male,White,1959-07-17
6443f1de-480b-55a0-1f8f-37e85b9e38c0,Bok974 Labadie908,female,White,1965-09-18
288148a4-fac3-5531-ee5d-4f892036d560,Meredith572 Jaskolski867,female,White,1964-11-27
37932ccf-6180-5763-dc8c-68f32a04bda6,Anderson154 Cole117,male,White,1965-05-24
db270f00-a497-70c7-0b36-403234e5a8b9,Nana422 Kautzer186,female,Asian,1961-08-24
20ef724b-3404-7e17-3e20-f67776648d41,Muoi890 Hoeger474,female,White,1958-04-28
e3ea640a-56a0-73dd-6b57-e6769e16630b,Gustavo235 Zamora648,male,Black or African American,1962-07-11
d8f6b244-ac36-fcf5-e8fd-de2928c59a05,Kacie297 Kreiger457,female,White,1993-10-26
8ea21264-e894-e0d1-dc81-e6aab909302b,Clinton763 Koelpin146,male,White,1984-05-29
099d7105-99de-d011-1004-a0060d4d2056,Migdalia164 Powlowski563,female,White,1975-09-03
6c530788-edcf-76b0-3d23-819a7e1e2f9d,Carline928 Spencer878,female,White,1958-09-22
f205316e-0d31-76b7-75d9-7fd7ea694a4e,Antone63 Collins926,male,White,1957-10-07
8000a981-3b8d-f97d-2b37-3da66719ef6b,Nicky270 Leffler128,female,Asian,1980-09-28
aa356dca-6431-070e-2065-122b08a19857,Janee223 Homenick806,female,Black or African American,1993-09-18
8d175a68-3520-37ff-1ec7-271a9cc401c1,Azzie965 Shanahan202,female,White,1982-11-21
27e8864d-ce39-b7f5-ee5f-f6181ac2fc95,Tianna963 Berge125,female,White,1958-10-16
70a16f82-0dcf-f642-fb1a-699ae94af10e,Candance389 Hane680,female,White,1965-01-26
6c72d169-bded-1cfc-ef03-d7039db89a6b,Joel444 West559,male,Black or African American,1959-09-24
00e8e27a-cbf0-d4ef-38ba-6bbc462102f7,Modesto621 Johnston597,male,White,1971-07-01
74657e6b-bb45-7d9d-a5c1-410a1701754f,Clay913 Parisian75,male,White,1980-04-03
9024f9b0-d0a7-0260-618c-7bf489c07766,Milan77 Mertz280,male,White,1960-01-07
1c219d27-1e55-c196-b17e-eb74362a3076,Anton902 Mueller846,male,White,1968-04-27
5d35b460-fa2b-69b7-d6d7-497d54db5c1a,Cletus494 Cassin499,male,Asian,1961-09-19
5cc9c9a8-e3fe-623f-d206-abaddd60aef9,Rosalia943 Kautzer186,female,White,1956-02-21
b8b15261-ea23-0412-f244-3d9980c7b8e6,Donnell534 Kiehn525,male,Black or African American,1976-04-03
ab0dc2d2-17df-8c44-5703-0fb12e1c82a8,Ara96 Stamm704,female,White,1961-06-01
7bf42816-39c3-e1d6-8c92-9a2afaa94a4a,Jospeh459 Bauch723,male,White,1958-01-28
606b4a32-f6f1-c993-224b-0bf819c7b4ed,Cesar434 Rath779,male,Black or African American,1993-07-18
0fd6371a-bcd1-60b8-ffe0-e8b06573a0ff,Paulette168 Turner526,female,White,1995-11-28
66d89836-3d88-6421-7f8e-177fa22cfe32,Anderson154 Lemke654,male,White,1984-05-22
bbec1e2d-607c-ae71-f747-637ca9e3d8a7,Lynetta635 Gislason620,female,Asian,1974-04-23
9fa38bb6-a2eb-5d37-4d7e-124488268ca9,Sylvester827 Mohr916,male,White,1957-02-22
63c29875-24ad-7e45-d0f0-4208010f286d,Elmira442 Wolff180,female,White,1958-08-25
ccdf38ff-b679-ae96-a74c-0fe23dbda906,Elvin140 Herzog843,male,White,1970-03-31
be0e07dc-c585-e85c-af97-33b07d34e059,Tamala194 Muller251,female,White,1968-02-09
41a1e3ae-afd9-d988-407a-73f49d28bbb9,Sonya602 Hilpert278,female,White,1988-08-28
440f7fc1-8080-d3d4-a99c-150f98fc7dad,Felipe97 Walter473,male,White,1987-08-01
29260084-fa1a-bc1a-9940-1bef5c0d2987,Merle11 Bahringer146,male,White,1972-07-09
992f9943-4780-55bc-0075-59e21e33f6f7,Sonny285 Simonis280,male,Asian,1959-02-13
931ab58a-a9ab-9ecf-0f6e-d0fe90a980ba,Lanita675 Schaden604,female,Native Hawaiian or Other Pacific Islander,1981-08-23
6f1268b0-737b-7cd3-f8dc-b62b8d58c07f,Ezekiel373 Gulgowski816,male,White,1962-03-20
9015e174-4b32-294f-726a-6d15abb79094,Dorian295 Rodriguez71,male,White,1958-09-27
cc44d1f9-7a1f-3a1c-56dc-3f290250fa55,Maribeth658 Stoltenberg489,female,White,1995-03-28
1856033e-0003-537d-6078-8d40ce1362b9,Kathlyn335 Beier427,female,White,1971-10-31
0630643e-4b9b-d6db-376d-c2a9af0ace8b,Aron520 Hansen121,male,White,1982-04-13
426d8c58-b1fc-4f4e-91e4-98ad945f8457,Clemente531 Iglesias873,male,White,1970-12-23
3791d1c0-3fc9-383f-469e-354ff7b5e2fe,Cole117 Sporer811,male,White,1983-08-13
2e35fb16-45cb-63f5-02b7-2dd3731173f2,Laurel943 Windler79,female,White,1961-06-01
c7d2c29c-a5f4-5027-e789-ce78b55c8199,Victoria535 Alvarado520,female,White,1981-05-12
45dd7ac1-63f5-2606-be54-7de183b496f7,Jacqualine965 Glover433,female,White,1961-02-16
8174f618-341e-a5d1-a8af-9a955cd0acaa,Nellie325 Prohaska837,female,Asian,1977-05-09
2eee4356-ac10-9bdf-c4b1-20b04b8042e9,Fermina506 Weimann465,female,White,1985-01-05
11ae112f-68bf-ea8d-6502-9e6f815d6ae5,Abdul218 Kunze215,male,White,1987-05-09
ec397601-fcb7-d88e-e984-909330206f4c,Jessie665 Rutherford999,male,Black or African American,1985-10-20
db353800-c0ce-46c4-1337-6b0dbd89a5c3,Obdulia648 Herman763,female,White,1976-10-23
374f9bad-b807-8dc5-79c8-edb48c8ecac5,Emery884 Mante251,male,Asian,1995-04-21
f2fc9cec-c8a9-7923-9c97-0d70d6209461,Jarred626 Homenick806,male,White,1959-02-10
b10383ec-3897-fa7e-635b-8eaad9352bf7,Alvaro283 Little434,male,White,1982-05-25
2ef66ce4-47a5-c485-d876-c0c6c59a8f55,Kevin729 Hoeger474,male,White,1966-06-22
682b858e-6088-bd4b-829d-8dd6d8cfc5e2,Tommye961 Strosin214,female,White,1959-08-18
9011d5c3-f3ec-71d1-c229-0dcbd835b196,Ardelia466 West559,female,White,1968-11-09
8287956a-62c9-b2ad-65d5-c4902ddc4d08,Guadalupe206 Calvillo618,female,White,1983-08-09
0932f81f-1add-8e48-5c7d-74958336734e,Anderson154 Kshlerin58,male,White,1983-12-13
76444fce-2245-7f8b-17f0-06a8fc424275,Chong355 Jacobson885,male,White,1976-11-03
c7f16c4a-a077-5939-587c-52749bb65414,Mervin111 Romaguera67,male,White,1961-12-01
bfd7c80b-7b13-bc40-1c3d-5dec13ac0f41,Miguelina323 Corkery305,female,White,1965-02-19
40b7e9fc-4b90-e440-8b98-6c7b2cb7e4c9,Marcos263 Ibarra303,male,White,1987-07-15
264b540b-e60c-aab5-acb0-d1c40c9acc2e,Nedra260 Pfannerstill264,female,White,1974-03-21
416a9eb0-b535-09d9-31f4-d2e24294d39c,Ingeborg677 Barrows492,female,White,1974-12-30
9d2e0076-36f0-07b7-2bd0-a5e2a6d684eb,Sol312 Yost751,male,White,1983-04-13
e790be0f-788c-ce31-96ac-07c8b7c30150,Yun266 Kshlerin58,female,Other,1974-07-27
edf04a2e-e271-d748-5b88-4beb0b8fa6c7,Darrin898 Tremblay80,male,White,1991-08-14
f09c12a4-44d0-b50a-129e-b637622572e1,Rosa195 Núñez242,female,White,1988-04-30
2586dd56-1a59-3e10-dac7-f78334c442b6,Elizabeth24 Ebert178,female,White,1985-01-20
e8e9f055-b1bd-78fa-8317-14e8e762806f,Penelope500 Rowe323,female,White,1985-06-24
1f14f124-deb5-8f0f-c84a-3e2910a6c069,Shery223 Waters156,female,White,1984-09-17
c17a678a-f6a1-ec91-3527-0c410497ff47,Wen848 Deckow585,female,White,1982-04-23
8813a7e6-517e-3342-d1ae-45b693941a11,Stephen891 Schneider199,male,White,1981-10-02
e47e4cf3-cb2c-35f1-fe0a-3eeee161ef7b,Lucio648 Doyle959,male,White,1956-03-03
9ecd89bd-53f6-efce-0d85-a820dab1437f,Jimmy858 Walsh511,male,White,1964-09-11
2fb9f5eb-a43a-d8d8-dc2c-a78ee8c5c56c,Maria750 Koch169,female,White,1976-01-20
de42d602-6ddf-0002-a703-864846a5cf98,Cecila397 Cruickshank494,female,White,1992-04-11
c49828b6-a5ca-0f52-5775-455e844e9bd8,Ray930 Thompson596,male,White,1970-02-01
7014aed1-33dc-aae6-6a51-acae5109102c,Glinda951 Wisozk929,female,White,1981-02-20
b9074b76-1877-acb2-a1ef-3bbcd9408889,Corazon138 Johnson679,female,White,1977-05-20
3dd2c181-ed45-3e12-7b57-5f515d3533b2,Boyce638 Lakin515,male,White,1994-03-28
a88ac419-0ce7-4696-7a53-1c7678ed2a6f,María Soledad68 Armendáriz135,female,White,1988-12-13
bd3ff8a3-62db-a195-4097-a745a91c6dd7,Trisha327 Schmeler639,female,Black or African American,1965-10-12
9cb8bca1-ff0b-4880-6d98-8f4e937099f2,Willis868 Lemke654,male,Asian,1971-09-12
8760756e-4b4a-95ef-02ec-72b99e6521bf,Bari62 Kutch271,female,White,1975-05-16
92c316ad-02d0-b83b-3f3b-bad4564acdd5,Marion502 Wunsch504,male,Asian,1994-04-14
601a8b8c-ff80-bf3a-f62c-6c4bd92a106a,Earnest658 Ward668,male,White,1993-11-20
30cf2cfc-e40d-72cc-39f3-3e2cd848ae57,Susann104 Crona259,female,White,1959-09-10
7c66f410-9487-8ee2-1bda-5b566f282f80,Cary869 Mraz590,male,White,1994-12-16
83981aa5-8285-c7e2-a876-a698ca559b79,Yolando662 Hoppe518,female,Other,1979-11-12
30e60336-9242-7a57-52de-8781d91b3fc8,Concepción765 Bonilla161,female,Black or African American,1967-06-18
cb08c38d-0506-2388-d598-2aace70b5a64,Javier97 Estévez304,male,White,1992-06-06
7901d4ef-b0f7-d47a-bed3-0d3a8ad686da,Micaela928 Klocko335,female,White,1982-12-30
dabdee69-82e8-c87d-d486-519e2b62c09a,Jalisa590 McCullough561,female,White,1976-12-06
f348c7c1-1104-351f-cbf2-e3684a2ff9b1,Sanford861 Crona259,male,White,1977-09-24
f09290f2-c14a-cc08-4b48-feaeac7e4db6,Inger271 Lynch190,female,White,1987-11-20
e1bc79d9-5226-83ba-83ff-77b9e768d693,Tory770 Kihn564,male,White,1994-09-07
f5601554-27d1-ce0d-b1c5-fe6f175fc46a,Teresia279 Koepp521,female,White,1981-07-31
ff3d433c-4d6e-4632-41d9-5e0b24d4c37c,Yen770 Stehr398,female,Black or African American,1975-06-07
83ddbbe9-97ee-3eed-01c2-2db737931182,Dallas143 Breitenberg711,female,Asian,1965-06-18
6c992960-7210-168e-9f70-f6094920e087,Gino587 Stoltenberg489,male,White,1970-10-14
d94dcd24-e8ce-40cd-2fb2-ac5fb866cf92,Annie941 Maggio310,female,White,1980-06-24
b3411a8b-448b-9cf6-1260-d3600a5d6df3,Alfred550 Bartell116,male,White,1962-09-29
c7de5620-7a85-c00f-1085-8e9184020cca,Cinthia596 Carter549,female,White,1970-01-06
e24e800e-0607-d3a9-ea8c-435fe9f858d8,Luther918 Kutch271,male,White,1995-03-14
e3a437f4-426e-f501-fe44-30e00eef75c0,Columbus656 Goodwin327,male,White,1989-08-01
b92dddda-83d1-bf9d-6ccf-3050e1d6d0da,Hollis7 Wisoky380,female,White,1981-05-03
776a25bb-6ade-e053-e0b9-dd7452505119,Gavin481 Klocko335,male,White,1988-11-27
7aec7855-8e73-d830-13cb-14864818122f,Trinh357 Bernhard322,female,White,1961-03-07
b967309e-6f09-f776-6d1c-7c69e1fbdb4e,Adolph80 Kling921,male,White,1979-10-10
2b886e23-6cc0-1f95-6fe4-6d4be43359a1,Shon148 Crona259,male,White,1993-03-22
ebad762d-98a5-65dc-8eb0-080b61a047fb,Ocie984 Thiel172,female,White,1993-05-29
2e366e56-12ae-2887-50de-5d33d282b563,Micki733 Mueller846,female,White,1981-10-03
41f940a7-642a-2075-957b-30e9b9a3071c,Teodoro374 Canales95,male,White,1994-10-31
4d7d4e8c-5253-7932-84f2-12a01eaeb776,Sade71 Walsh511,female,White,1968-03-12
5c99777a-7990-2e0e-2119-48a54b434c42,Buck819 Langosh790,male,Black or African American,1968-02-29
4ac6d422-00ed-6c81-5fe8-93d3c2db44a8,Bula88 Hane680,female,White,1965-04-13
29fab41e-2e05-f3dc-3355-011acc06d4ca,Reinaldo138 Nader710,male,White,1968-03-05
99d1a35b-b20c-0400-ef34-f7d43ab43f31,Ellen406 Koepp521,female,White,1967-04-06
e51a3ae2-e937-5f5f-534d-8bd9d900f11f,Gail741 Bruen238,male,White,1957-02-22
01a1fe62-2261-b138-7940-f3a2f0741897,Mauro926 Murphy561,male,White,1978-09-11
976012a0-9280-7fc7-0e38-3a2de9535621,Dominic463 Wyman904,male,White,1964-10-18
9abda30e-2ec6-6e26-f49d-3183aabe945c,Augustine565 Welch179,male,Black or African American,1979-08-08
21de99b3-e8ff-6fb6-56d2-feba3eb05829,Dorethea38 Price929,female,White,1993-08-23
36b88327-4a3f-9600-450a-18cc1d92fbcf,Chin306 Walker122,female,White,1976-04-25
ebd56e90-b8d0-cb1c-5b66-3f69569d7cec,Aaron697 Leuschke194,male,White,1957-02-22
f08ca04b-f4e0-79b2-633a-7cecfa6e2c4e,Danial835 Wehner319,male,White,1992-11-23
bfcce098-88ee-362a-b10c-e5138a74c8cf,Blythe746 Hintz995,female,Black or African American,1965-01-28
29502a4d-8e3c-46a3-6572-008baef8a348,Alexis664 Welch179,male,White,1974-06-15
dcada77a-507b-1925-d7ad-f01215d544ca,Rubin812 Predovic534,male,Black or African American,1972-05-30
ec116bae-c256-1048-ba1c-c674d99978b6,Miguel815 Preciado125,male,Asian,1990-04-28
5aaaffea-d4aa-2885-7ad8-a6d215b57c60,Jeffrey461 Kris249,female,White,1972-04-15
b0419233-b452-898c-6a75-3939381b626e,Tristan353 Stokes453,female,White,1969-09-03
c7f10826-b33c-69fc-e4a0-1db8af61afe4,Sylvia544 Predovic534,female,Black or African American,1991-05-24
addc0b93-523b-598d-f04e-f4eaf34d91e3,Lincoln623 Friesen796,male,White,1957-10-07
51cf231d-bf2b-e30b-aedc-5ec2383cd796,Carina240 Funk324,female,White,1957-10-06
33dc6360-4f78-457b-4d4a-b10f983e654d,Broderick767 Olson653,male,White,1962-02-18
b1db3095-105d-5c03-ea3b-0950bfb25f6d,Daryl568 Langosh790,male,White,1957-02-22
8e1614c0-0916-7cbb-2927-d1ab6a5d7ef6,Mohamed943 Krajcik437,male,White,1959-07-17
239ec6be-efc3-b6ac-5baf-8f49b7c01828,Arlen68 Lesch175,male,White,1973-04-07
22092e58-f4d3-9d8a-26e2-748d012d5f3e,Moriah648 Sanford861,female,White,1972-08-25
407cd511-ac19-2c8d-0467-7d8dbfa1926a,Matthew562 Larkin917,male,White,1974-08-16
a978dbdd-ac91-6dce-8672-e38ac34398d7,Reinaldo138 Goldner995,male,White,1981-07-13
a5e50516-76d9-6fd2-7ab4-b574bb4a0c3c,Byron202 Lynch190,male,White,1962-12-05
23cda626-a5aa-1019-54d8-e598267b1bb0,Winnifred2 Abernathy524,female,Black or African American,1983-02-07
1fe705c0-11e2-b709-d5e2-fcdeb9ad69a6,Tyrell880 Bauch723,male,White,1979-02-11
fb4f2eb3-c9b3-a7b7-7173-fabaf3e7b2ee,Jeffrey461 Kub800,female,White,1985-05-20
d0871986-3f2a-df75-8122-ceb8fc30dae0,Azucena377 Kunze215,female,White,1968-01-04
ef0190f1-d50d-a4b5-4a5b-60b970c1b328,Randy380 Wunsch504,male,White,1974-03-08
78702922-c20a-8dfd-45fd-2e1e8a044e73,Barbar976 Hilll811,female,White,1988-07-09
21faf548-5886-e3ed-51fe-67a383fadc11,Trudy596 Runolfsson901,female,White,1978-02-23
92342fe8-0f2b-2b3b-1273-7ef05d975171,Allan198 Stiedemann542,male,White,1985-07-30
e34664c5-2269-c53d-be66-831c0165ad68,Esperanza675 Ankunding277,female,White,1958-01-16
c08b6fed-d044-1a62-5e3a-7179fd4e8f86,Claudio955 Corkery305,male,White,1984-08-10
70a79aaa-94df-ffb4-0912-af98d5a6fe40,Ramiro608 Runolfsson901,male,White,1974-06-15
17a33802-22a9-8755-deb3-ce738b64f752,Hoyt490 Kemmer137,male,Black or African American,1962-05-24
fc7d621f-5393-5b28-478d-649148cfb170,Pasquale620 Kuhlman484,male,Asian,1960-06-19
b16c1f99-0e76-fb18-8ca9-ab40043c5048,Vita624 Kris249,female,White,1987-08-28
d636f288-3fac-84b2-ed10-9797ee8a5dd0,Gonzalo160 Anderson154,male,Asian,1960-06-19
b54811cc-21a0-42f5-505e-1029af0ec9de,Adolfo777 Olson653,male,White,1960-12-15
